[
  {"constant":true,"inputs":[],"name":"getReserves","outputs":[{"name":"_reserve0","type":"uint112"},{"name":"_reserve1","type":"uint112"},{"name":"_blockTimestampLast","type":"uint32"}],"type":"function"},
  {"constant":true,"inputs":[],"name":"token0","outputs":[{"name":"","type":"address"}],"type":"function"},
  {"constant":true,"inputs":[],"name":"token1","outputs":[{"name":"","type":"address"}],"type":"function"},
  {"anonymous":false,"inputs":[{"indexed":true,"internalType":"address","name":"sender","type":"address"},{"indexed":false,"internalType":"uint256","name":"amount0In","type":"uint256"},{"indexed":false,"internalType":"uint256","name":"amount1In","type":"uint256"},{"indexed":false,"internalType":"uint256","name":"amount0Out","type":"uint256"},{"indexed":false,"internalType":"uint256","name":"amount1Out","type":"uint256"},{"indexed":true,"internalType":"address","name":"to","type":"address"}],"name":"Swap","type":"event"}
]
